glpi_hostid,host_name
1,alogan-test.cloud.lab.eng.bos.redhat.com
2,D6RG2G3
3,cnfde1.ptp.lab.eng.bos.redhat.com
4,cnfde9.ptp.lab.eng.bos.redhat.com
5,cnfde2.ptp.lab.eng.bos.redhat.com
6,cnfde3.ptp.lab.eng.bos.redhat.com
7,cnfde4.ptp.lab.eng.bos.redhat.com
8,cnfde5.ptp.lab.eng.bos.redhat.com
9,cnfde6.ptp.lab.eng.bos.redhat.com
10,cnfde7.ptp.lab.eng.bos.redhat.com
11,cnfde8.ptp.lab.eng.bos.redhat.com
12,cnfocto2.ptp.lab.eng.bos.redhat.com
13,cnfocto1.ptp.lab.eng.bos.redhat.com
14,cnfde10.ptp.lab.eng.bos.redhat.com
15,cnfde11.ptp.lab.eng.bos.redhat.com
16,cnfde13.ptp.lab.eng.bos.redhat.com
17,cnfde14.ptp.lab.eng.bos.redhat.com
18,cnfde15.ptp.lab.eng.bos.redhat.com
19,cnfde18.ptp.lab.eng.bos.redhat.com
20,cnfde19.ptp.lab.eng.bos.redhat.com
21,cnfde20.ptp.lab.eng.bos.redhat.com
22,cnfde21.ptp.lab.eng.bos.redhat.com
23,cnfde22.ptp.lab.eng.bos.redhat.com
24,cnfde17.ptp.lab.eng.bos.redhat.com
25,cnfde23.ptp.lab.eng.bos.redhat.com
26,cnfde12.ptp.lab.eng.bos.redhat.com
33,cnfdf01.telco5gran.eng.rdu2.redhat.com
34,cnfdf02.telco5gran.eng.rdu2.redhat.com
35,cnfdf03.telco5gran.eng.rdu2.redhat.com
36,cnfdf04.telco5gran.eng.rdu2.redhat.com
42,cnfdf08.telco5gran.eng.rdu2.redhat.com
43,hv3.telco5gran.eng.rdu2.redhat.com
44,hv4.telco5gran.eng.rdu2.redhat.com
45,hv5.telco5gran.eng.rdu2.redhat.com
46,hv6.telco5gran.eng.rdu2.redhat.com
47,hv7.telco5gran.eng.rdu2.redhat.com
48,cnfdf09.telco5gran.eng.rdu2.redhat.com
49,cnfdf10.telco5gran.eng.rdu2.redhat.com
50,cnfdf11.telco5gran.eng.rdu2.redhat.com
51,cnfdf12.telco5gran.eng.rdu2.redhat.com
52,cnfdf13.telco5gran.eng.rdu2.redhat.com
53,cnfdf14.telco5gran.eng.rdu2.redhat.com
54,cnfdf15.telco5gran.eng.rdu2.redhat.com
55,cnfdf16.telco5gran.eng.rdu2.redhat.com
56,cnfdf17.telco5gran.eng.rdu2.redhat.com
57,cnfdf18.telco5gran.eng.rdu2.redhat.com
58,hv8.telco5gran.eng.rdu2.redhat.com
59,hv9.telco5gran.eng.rdu2.redhat.com
60,rduosc1.telco5gran.eng.rdu2.redhat.com
61,rduosc2.telco5gran.eng.rdu2.redhat.com
62,rduosc3.telco5gran.eng.rdu2.redhat.com
62,rduosc3.telco5gran.eng.rdu2.redhat.com
63,cnfdf19.telco5gran.eng.rdu2.redhat.com
64,cnfdf20.telco5gran.eng.rdu2.redhat.com
65,cnfdf21.telco5gran.eng.rdu2.redhat.com
66,cnfdf22.telco5gran.eng.rdu2.redhat.com
67,cnfdf23.telco5gran.eng.rdu2.redhat.com
68,cnfdf24.telco5gran.eng.rdu2.redhat.com
69,cnfdf25.telco5gran.eng.rdu2.redhat.com
70,cnfdf26.telco5gran.eng.rdu2.redhat.com
71,cnfdf27.telco5gran.eng.rdu2.redhat.com
72,hv10.telco5gran.eng.rdu2.redhat.com
73,hv11.telco5gran.eng.rdu2.redhat.com
74,hv12.telco5gran.eng.rdu2.redhat.com
75,hv13.telco5gran.eng.rdu2.redhat.com
76,hv14.telco5gran.eng.rdu2.redhat.com
77,hv15.telco5gran.eng.rdu2.redhat.com
78,cnfdf28.telco5gran.eng.rdu2.redhat.com
79,cnfdf29.telco5gran.eng.rdu2.redhat.com
80,cnfdf30.telco5gran.eng.rdu2.redhat.com
81,cnfdf31.telco5gran.eng.rdu2.redhat.com
82,cnfdf32.telco5gran.eng.rdu2.redhat.com
83,cnfdf33.telco5gran.eng.rdu2.redhat.com
84,cnfdf34.telco5gran.eng.rdu2.redhat.com
85,cnfdf35.telco5gran.eng.rdu2.redhat.com
86,hv16.telco5gran.eng.rdu2.redhat.com
87,hv17.telco5gran.eng.rdu2.redhat.com
88,cnfdf36.telco5gran.eng.rdu2.redhat.com
89,cnfdf37.telco5gran.eng.rdu2.redhat.com
90,D6RF2G3
91,D6RD2G3
92,D6RB2G3
93,D6RC2G3
94,7XNSMH3
95,7XNRMH3
96,7XNTMH3
97,MXQ15205KJ
98,MXQ15205KK
99,MXQ15205KL
100,2M21480780
101,2M2148077Z
102,G4972G3
103,G48J2G3
104,3KK72G3
105,3KJG2G3
106,3KKB2G3
107,3KJH2G3
108,3KK92G3
109,3KJJ2G3
110,3KJF2G3
111,J0CD5K3
112,G0CD5K3
112,G0CD5K3
113,11CD5K3
114,C0CD5K3
115,H0CD5K3
116,F0CD5K3
117,D0CD5K3
118,DS9W4K3
119,GS9W4K3
120,FS9W4K3
121,1T9W4K3
122,HS9W4K3
123,JS9W4K3
124,gvs01.auto.bos2.lab
125,gvs02.auto.bos2.lab
126,gvs03.auto.bos2.lab
127,gvs04.auto.bos2.lab
128,gvs05.auto.bos2.lab
129,gvs01.sand1.auto.bos2.lab
130,gvs02.sand1.auto.bos2.lab
131,gvs03.sand1.auto.bos2.lab
132,gvs04.sand1.auto.bos2.lab
133,gwn01.sand1.auto.bos2.lab
134,gwn02.sand1.auto.bos2.lab
135,master-0.clus1.t5g.lab.eng.bos.redhat.com
136,master-1.clus1.t5g.lab.eng.bos.redhat.com
137,master-2.clus1.t5g.lab.eng.bos.redhat.com
138,worker-0.clus1.t5g.lab.eng.bos.redhat.com
139,worker-1.clus1.t5g.lab.eng.bos.redhat.com
140,worker-2.clus1.t5g.lab.eng.bos.redhat.com
141,master-0.clus0a.t5g.lab.eng.bos.redhat.com
142,master-1.clus0a.t5g.lab.eng.bos.redhat.com
143,master-2.clus0a.t5g.lab.eng.bos.redhat.com
144,worker-0.clus0a.t5g.lab.eng.bos.redhat.com
145,worker-1.clus0a.t5g.lab.eng.bos.redhat.com
146,worker-2.clus0a.t5g.lab.eng.bos.redhat.com
147,master-0.clus0b.t5g.lab.eng.bos.redhat.com
148,master-1.clus0b.t5g.lab.eng.bos.redhat.com
149,master-2.clus0b.t5g.lab.eng.bos.redhat.com
150,worker-0.clus0b.t5g.lab.eng.bos.redhat.com
151,worker-1.clus0b.t5g.lab.eng.bos.redhat.com
152,worker-2.clus0b.t5g.lab.eng.bos.redhat.com
153,cnfdc1.clus2.t5g.lab.eng.bos.redhat.com
154,cnfdc2.clus2.t5g.lab.eng.bos.redhat.com
155,cnfdc3.clus2.t5g.lab.eng.bos.redhat.com
156,cnfdc4.clus2.t5g.lab.eng.bos.redhat.com
157,cnfdc5.clus2.t5g.lab.eng.bos.redhat.com
158,cnfdc6.clus2.t5g.lab.eng.bos.redhat.com
159,cnfdc7.clus2.t5g.lab.eng.bos.redhat.com
160,cnfdc8.clus2.t5g.lab.eng.bos.redhat.com
161,cnfdc9.clus2.t5g.lab.eng.bos.redhat.com
162,cnfdd1.clus2.t5g.lab.eng.bos.redhat.com
162,cnfdd1.clus2.t5g.lab.eng.bos.redhat.com
163,cnfdd2.clus2.t5g.lab.eng.bos.redhat.com
164,cnfdd3.clus2.t5g.lab.eng.bos.redhat.com
165,cnfdd4.clus2.t5g.lab.eng.bos.redhat.com
166,cnfdd5.clus2.t5g.lab.eng.bos.redhat.com
167,cnfdd6.clus2.t5g.lab.eng.bos.redhat.com
168,cnfdd7.clus2.t5g.lab.eng.bos.redhat.com
169,cnfdd8.clus2.t5g.lab.eng.bos.redhat.com
170,cnfdd9.clus2.t5g.lab.eng.bos.redhat.com
171,ceph-osd0.clus3a.t5g.lab.eng.bos.redhat.com
172,ceph-osd1.clus3a.t5g.lab.eng.bos.redhat.com
173,master-0.clus3a.t5g.lab.eng.bos.redhat.com
174,master-1.clus3a.t5g.lab.eng.bos.redhat.com
175,master-2.clus3a.t5g.lab.eng.bos.redhat.com
176,worker-0.clus3a.t5g.lab.eng.bos.redhat.com
177,worker-1.clus3a.t5g.lab.eng.bos.redhat.com
178,worker-2.clus3a.t5g.lab.eng.bos.redhat.com
179,master-0.clus3b.t5g.lab.eng.bos.redhat.com
180,master-1.clus3b.t5g.lab.eng.bos.redhat.com
181,master-2.clus3b.t5g.lab.eng.bos.redhat.com
182,worker-0.clus3b.t5g.lab.eng.bos.redhat.com
183,cnfdb0.clus2.t5g.lab.eng.bos.redhat.com
184,cnfdb1.clus2.t5g.lab.eng.bos.redhat.com
185,cnfdb2.clus2.t5g.lab.eng.bos.redhat.com
186,cnfdb3.clus2.t5g.lab.eng.bos.redhat.com
187,cnfdb4.clus2.t5g.lab.eng.bos.redhat.com
188,cnfdb5.clus2.t5g.lab.eng.bos.redhat.com
189,MXQ2040FWW
190,DYPQQJ3
196,3QG2NH3
197,3QFZMH3
198,3QGXMH3
199,3QGYMH3
200,B6JMMH3
201,B6JLMH3
202,3QG1NH3
203,3QG0NH3
204,3QFYMH3
205,FSJNMH3
206,FSJPMH3
207,FSJMMH3
208,FSHWMH3
209,FSHVMH3
210,FSJLMH3
211,FSHSMH3
212,FSHRMH3
213,FSHTMH3
214,9T7V1N3
215,CT7V1N3
216,BT7V1N3
217,3V7V1N3
217,3V7V1N3
218,CVGT2Q3
219,DVGT2Q3
220,F6RTQN3
221,H6RTQN3
222,G6RTQN3
223,37RTQN3
224,27RTQN3
225,D6RTQN3
226,J6RTQN3
227,17RTQN3
228,47RTQN3
229,57RTQN3
230,77RTQN3
231,67RTQN3
232,gvs06.auto.bos2.lab
233,DFN6TH3
234,FFN6TH3
235,CFN6TH3
236,CYH1NH3
237,CYGZMH3
238,CYH0NH3
239,HCNPMH3
240,JX42MH3
241,JY42MH3
242,F9W05K3
243,D9W05K3
244,CYHYMH3
245,CYHXMH3
246,CYHZMH3
247,B5TXMH3
248,3KKF2G3
249,G4782G3
250,sno.kni-qe-14.lab.eng.rdu2.redhat.com.232.1.10.in-addr.arpa
251,20739155N001
252,Default string
253,20739155N057
254,20739155N058
255,20739155N007
256,20739155N008
257,20739155N037
258,20739155N038
259,20746220N003
260,20746220N004
261,3QB1NH3
262,3QBXMH3
263,3Q9ZMH3
264,3QB2NH3
265,3Q9YMH3
266,7D5YDF3
267,7D5WDF3
267,7D5WDF3
268,66STDF3
269,8XJYDF3
270,8XK3FF3
271,66S1FF3
272,8XK0FF3
273,66RTDF3
274,8XJZDF3
275,66S2FF3
276,8XK1FF3
277,66RVDF3
278,7D63FF3
279,66SXDF3
280,7D5XDF3
281,8XKTDF3
282,8XJWDF3
283,66S3FF3
284,8XK2FF3
285,66R3FF3
286,7D62FF3
287,7D61FF3
288,66SWDF3
289,66SVDF3
290,8XJXDF3
291,3QJKNF3
292,3QJJNF3
293,73KTNF3
294,73KSNF3
295,73KRNF3
296,73KQNF3
297,73JXNF3
298,73JWNF3
299,73JVNF3
300,73JTNF3
301,B5T2NH3
302,B5T1NH3
303,B5T0NH3
304,7C60VH3
305,6C60VH3
306,3QN0NH3
307,CYPQQJ3
308,BYPQQJ3
309,FYPQQJ3
310,9YPQQJ3
311,5C60VH3
312,4C60VH3
313,8C60VH3
314,3QPXMH3
315,3QP2NH3
316,3QN1NH3
317,3QN2NH3
317,3QN2NH3
318,3QNWMH3
319,3QNXMH3
320,3QNYMH3
321,3QNZMH3
322,3QP0NH3
323,3QP1NH3
324,51SMTH3
325,61SMTH3
326,7RXWMH3
327,7RX2NH3
328,MXQ2040FWX
329,MXQ2040FWV
330,2M221300LX
331,2M221300LY
332,2M214700RF
333,2M214700RD
334,MXQ2140KJM
335,MXQ2140KJL
336,MXQ2140KK3
337,MXQ2140KK4
338,MXQ2140KKK
339,MXQ2140KKL
340,MXQ2140KKH
341,MXQ2140KKJ
342,MXQ2140KJK
343,MXQ2140KJJ
344,MXQ2140KKF
345,MXQ2140KKG
346,B5TWMH3
347,4BR3VD3
348,4BR4VD3
349,4BR5VD3
350,BWL1VD3
351,BWL0VD3
352,BWKZTD3
353,BV7XTD3
354,BV7YTD3
355,BV7ZTD3
356,BV80VD3
357,2F93VD3
358,2F94VD3
359,2F95VD3
360,BWLRTD3
361,BWLSTD3
362,7VK9WM3
363,8VK9WM3
364,BXK9WM3
365,CXK9WM3
366,DXK9WM3
367,4WK9WM3
367,4WK9WM3
368,5WK9WM3
369,6WK9WM3
370,BFMC3Q3
371,9FMC3Q3
372,CFMC3Q3
373,3KL72G3
374,3KKJ2G3
375,90W02G3
376,90W22G3
377,90W12G3
378,90G62G3
379,90G42G3
380,90G52G3
381,90G32G3
382,90GX1G3
383,90GZ1G3
384,90GY1G3
385,2M2144028S
386,J8BP1G3
387,J8BN1G3
388,91162G3
389,911Y1G3
390,911Z1G3
391,91202G3
392,91222G3
393,91152G3
394,91212G3
395,91172G3
396,53X7R53
397,53Y6R53
398,53Z5R53
399,53X9R53
400,53X5R53
401,53Y5R53
402,53Y8R53
403,53Y7R53
404,D7B72G3
405,D79B2G3
406,D79H2G3
407,D79D2G3
408,D79F2G3
409,D79J2G3
410,D79G2G3
411,D79C2G3
412,D7992G3
413,D78D2G3
414,D78H2G3
415,D7982G3
416,D78F2G3
417,D78J2G3
417,D78J2G3
418,D7972G3
419,D78G2G3
420,959N3L3
421,B59N3L3
422,D7BC2G3
423,D7BH2G3
424,D7BD2G3
425,D7B82G3
426,D7BG2G3
427,D7BB2G3
428,D7BF2G3
429,D7B92G3
430,D7C92G3
431,D7CD2G3
432,D7CC2G3
433,D7CB2G3
434,D7C72G3
435,D7BJ2G3
436,D7CF2G3
437,D7C82G3
438,41DQMH3
439,41DRMH3
440,FSLVMH3
441,FSMLMH3
442,HV3D3L3
443,GV3D3L3
444,D59N3L3
445,C59N3L3
446,3QKRNK3
447,19GXNK3
448,3Q8ZMH3
449,3Q8YMH3
450,3QB0NH3
451,3Q9XMH3
452,MXQ1220G4Q
453,MXQ1220G4S
454,MXQ1220G4R
455,MXQ1231297
456,MXQ1231296
457,MXQ1231295
458,2M212801J9
459,2M212801J8
460,2M212801JB
461,2M212801J7
462,S455416X1A31313
463,S455416X1A31312
464,J304E4RG
465,D227MH3
466,D228MH3
467,D226MH3
467,D226MH3
468,7XNVMH3
469,7XPLMH3
470,7XPMMH3
471,G4772G3
472,G46J2G3
473,G46H2G3
474,D72J2G3
475,D72G2G3
476,D72H2G3
477,D71J2G3
478,D7282G3
479,alogan.remote.csb
480,J1008F3X
481,J1008F3V
482,hv1.telco5gran.eng.rdu2.redhat.com
483,hv2.telco5gran.eng.rdu2.redhat.com
484,7JZZ5S3
485,BJZZ5S3
486,8JZZ5S3
487,3JZZ5S3
488,HHZZ5S3
489,2JZZ5S3
490,master-0.clus0.t5g.lab.eng.rdu2.redhat.com
491,master-1.clus0.t5g.lab.eng.rdu2.redhat.com
492,master-2.clus0.t5g.lab.eng.rdu2.redhat.com
493,worker-0.clus0.t5g.lab.eng.rdu2.redhat.com
494,worker-1.clus0.t5g.lab.eng.rdu2.redhat.com
495,worker-2.clus0.t5g.lab.eng.rdu2.redhat.com
496,worker-3.clus0.t5g.lab.eng.rdu2.redhat.com
497,J304E4RH
498,7XRQMH3
499,7XRPMH3
500,7XRVMH3
501,7XRTMH3
502,7XRSMH3
503,53X8R53
504,53YBR53
505,53XBR53
506,53Y9R53
507,1FMW0R3
508,JDMW0R3
509,HDMW0R3
510,GDMW0R3
511,FDMW0R3
512,DDMW0R3
513,JT7V1N3
514,HT7V1N3
515,1V7V1N3
516,2V7V1N3
517,4V7V1N3
517,4V7V1N3
518,JVGT2Q3
519,FVGT2Q3
520,HVGT2Q3
521,GVGT2Q3
522,openshift-worker-0.fci1.kni.lab.eng.bos.redhat.com
523,cnfd0-worker-0.fci1.kni.lab.eng.bos.redhat.com
524,cnfd1-worker-0.fci1.kni.lab.eng.bos.redhat.com
525,cnfd2-worker-0.fci1.kni.lab.eng.bos.redhat.com
526,cnfdt01.lab.eng.tlv2.redhat.com
527,cnfdt02.lab.eng.tlv2.redhat.com
528,cnfdt03.lab.eng.tlv2.redhat.com
529,cnfdt04.lab.eng.tlv2.redhat.com
530,cnfdt05.lab.eng.tlv2.redhat.com
531,cnfdt06.lab.eng.tlv2.redhat.com
532,cnfdt07.lab.eng.tlv2.redhat.com
533,cnfdt08.lab.eng.tlv2.redhat.com
534,cnfdt09.lab.eng.tlv2.redhat.com
535,cnfdt10.lab.eng.tlv2.redhat.com
536,cnfdt11.lab.eng.tlv2.redhat.com
537,cnfdt12.lab.eng.tlv2.redhat.com
538,cnfdt13.lab.eng.tlv2.redhat.com
539,cnfdt14.lab.eng.tlv2.redhat.com
540,cnfdt15.lab.eng.tlv2.redhat.com
541,cnfdt16.lab.eng.tlv2.redhat.com
542,cnfdt17.lab.eng.tlv2.redhat.com
543,cnfdt18.lab.eng.tlv2.redhat.com
544,cnfdt19.lab.eng.tlv2.redhat.com
545,cnfdf05.telco5gran.eng.rdu2.redhat.com
546,cnfdf06.telco5gran.eng.rdu2.redhat.com
547,cnfdf07.telco5gran.eng.rdu2.redhat.com
548,2M222500FT
549,2M222500FV
550,2M222500FY
551,2M222500FW
552,2M222500FS
553,2M222500G2
554,2M222500G0
555,2M222500G4
556,2M222500G3
557,2M222500FX
558,2M222500FZ
559,2M22240286
560,2M222401M9
561,2M222401M6
562,2M222401M7
563,2M222401M8
564,2M222401LL
565,2M222401MC
566,2M222401MB
567,2M222401MD
567,2M222401MD
568,2M222401MG
569,2M222401MF
570,2M222401MH
571,MXQ2050HKG
572,MXQ2050HKF
573,MXQ2050HKB
574,MXQ14809ZQ
575,MXQ14809ZN
576,MXQ14809ZP
577,MXQ2050HK9
578,MXQ2050HKD
579,2M2147029D
580,2M2147029G
581,2M2147029F
582,MXQ2050HKC
583,MXQ14809ZR
584,MXQ14809ZS
585,MXQ14809ZT
586,MXQ2050HKJ
587,MXQ2050HKH
588,MXQ14809ZV
589,MXQ14809ZW
590,MXQ14809ZX
591,MXQ2050HK6
592,MXQ2050HK8
593,MXQ2050HK7
594,MXQ2050HK5
595,2M214507G0
596,2M214507FY
597,2M214507FZ
598,3KKC2G3
599,3KKD2G3
600,3KKG2G3
601,H36BNF3
602,H368NF3
603,H35JFF3
604,H37CNF3
605,H37GFF3
606,H37HFF3
607,H377NF3
608,F8MHNF3
609,F8MGNF3
610,F8NHNF3
611,F8MJNF3
612,F8MPNF3
613,F8NGNF3
614,F8MNNF3
615,H369NF3
616,H367NF3
617,H366NF3
617,H366NF3
618,H37BNF3
619,H37DNF3
620,H378NF3
621,H379NF3
622,F8MKNF3
623,F8MLNF3
624,F8MFNF3
625,F8NJNF3
626,F8MMNF3
627,F8NFNF3
628,F8NDNF3
629,ocp-edge58.lab.eng.tlv2.redhat.com
630,6Q006S3
631,5Q006S3
632,9Q006S3
633,BQ006S3
634,JPZZ5S3
635,7Q006S3
636,HPZZ5S3
637,8Q006S3
638,1KZZ5S3
639,HJZZ5S3
640,4KZZ5S3
641,JJZZ5S3
642,2KZZ5S3
643,3KZZ5S3
644,6JZZ5S3
645,9JZZ5S3
646,5JZZ5S3
647,CJZZ5S3
648,test
649,Spirent_01
650,sealusa46.mobius.lab.eng.bos.redhat.com
651,sealusa47.mobius.lab.eng.bos.redhat.com
652,sealusa48.mobius.lab.eng.bos.redhat.com
653,sealusa49.mobius.lab.eng.bos.redhat.com
654,sealusa50.mobius.lab.eng.bos.redhat.com
655,sealusa51.mobius.lab.eng.bos.redhat.com
656,sealusa52.mobius.lab.eng.bos.redhat.com
657,sealusa53.mobius.lab.eng.bos.redhat.com
658,sealusa54.mobius.lab.eng.bos.redhat.com
659,sealusa55.mobius.lab.eng.bos.redhat.com
660,sealusa56.mobius.lab.eng.bos.redhat.com
661,sealusa57.mobius.lab.eng.bos.redhat.com
662,sealusa58.mobius.lab.eng.bos.redhat.com
663,sealusa59.mobius.lab.eng.bos.redhat.com
664,openshift-worker-2.qe1.kni.lab.eng.bos.redhat.com
665,openshift-master-0.qe1.kni.lab.eng.bos.redhat.com
666,openshift-master-1.qe1.kni.lab.eng.bos.redhat.com
667,openshift-master-2.qe1.kni.lab.eng.bos.redhat.com
667,openshift-master-2.qe1.kni.lab.eng.bos.redhat.com
668,openshift-worker-0.qe1.kni.lab.eng.bos.redhat.com
669,openshift-worker-1.qe1.kni.lab.eng.bos.redhat.com
670,openshift-worker-0.qe3.kni.lab.eng.bos.redhat.com
671,openshift-worker-1.qe3.kni.lab.eng.bos.redhat.com
672,openshift-worker-2.qe3.kni.lab.eng.bos.redhat.com
673,openshift-master-0.qe3.kni.lab.eng.bos.redhat.com
674,openshift-master-1.qe3.kni.lab.eng.bos.redhat.com
675,openshift-master-2.qe3.kni.lab.eng.bos.redhat.com
676,openshift-master-0.kni-qe-4.lab.eng.rdu2.redhat.com
677,openshift-master-1.kni-qe-4.lab.eng.rdu2.redhat.com
678,openshift-master-2.kni-qe-4.lab.eng.rdu2.redhat.com
679,openshift-worker-0.kni-qe-4.lab.eng.rdu2.redhat.com
680,openshift-worker-1.kni-qe-4.lab.eng.rdu2.redhat.com
681,openshift-worker-2.kni-qe-4.lab.eng.rdu2.redhat.com
682,openshift-worker-3.kni-qe-4.lab.eng.rdu2.redhat.com
683,registry.kni-qe-4.lab.eng.rdu2.redhat.com
684,openshift-master-0.kni-qe-3.lab.eng.rdu2.redhat.com
685,openshift-master-1.kni-qe-3.lab.eng.rdu2.redhat.com
686,openshift-master-2.kni-qe-3.lab.eng.rdu2.redhat.com
687,openshift-worker-0.kni-qe-3.lab.eng.rdu2.redhat.com
688,openshift-worker-1.kni-qe-3.lab.eng.rdu2.redhat.com
689,openshift-worker-2.kni-qe-3.lab.eng.rdu2.redhat.com
690,openshift-worker-3.kni-qe-3.lab.eng.rdu2.redhat.com
691,registry.kni-qe-3.lab.eng.rdu2.redhat.com
692,2M2117028K
693,MXQ11614BD
694,MXQ11614BF
695,MXQ11614BG
696,altvran-01-idrac.kni-qe-vran.mgmt.lab.eng.rdu2.redhat.com
697,altvran-02-idrac.kni-qe-vran.mgmt.lab.eng.rdu2.redhat.com
698,altvran-03-idrac.kni-qe-vran.mgmt.lab.eng.rdu2.redhat.com
699,altvran-04-idrac.kni-qe-vran.mgmt.lab.eng.rdu2.redhat.com
700,altvran-05-idrac.kni-qe-vran.mgmt.lab.eng.rdu2.redhat.com
701,altvran-06-idrac.kni-qe-vran.mgmt.lab.eng.rdu2.redhat.com
702,altvran-07-idrac.kni-qe-vran.mgmt.lab.eng.rdu2.redhat.com
703,altvran-08-idrac.kni-qe-vran.mgmt.lab.eng.rdu2.redhat.com
704,altvran-09-idrac.kni-qe-vran.mgmt.lab.eng.rdu2.redhat.com
705,altvran-10-idrac.kni-qe-vran.mgmt.lab.eng.rdu2.redhat.com
706,altvran-11-idrac.kni-qe-vran.mgmt.lab.eng.rdu2.redhat.com
707,altvran-12-idrac.kni-qe-vran.mgmt.lab.eng.rdu2.redhat.com
708,registry.kni-qe-5.lab.eng.rdu2.redhat.com
709,altvran-01-smicro.kni-qe-vran.mgmt.lab.eng.rdu2.redhat.com
710,master-0.kni-qe-31.lab.eng.rdu2.redhat.com
711,master-1.kni-qe-31.lab.eng.rdu2.redhat.com
712,master-2.kni-qe-31.lab.eng.rdu2.redhat.com
713,worker-0.kni-qe-32.lab.eng.rdu2.redhat.com
714,worker-1.kni-qe-32.lab.eng.rdu2.redhat.com
715,worker-2.kni-qe-33.lab.eng.rdu2.redhat.com
716,worker-3.kni-qe-33.lab.eng.rdu2.redhat.com
717,sno-0.kni-qe-34.lab.eng.rdu2.redhat.com
717,sno-0.kni-qe-34.lab.eng.rdu2.redhat.com
718,sno-1.kni-qe-34.lab.eng.rdu2.redhat.com
719,sno-2.kni-qe-35.lab.eng.rdu2.redhat.com
720,sno-3.kni-qe-35.lab.eng.rdu2.redhat.com
721,registry.kni-qe-31.lab.eng.rdu2.redhat.com
722,nokiaran-13-idrac.mgmt.savanna.lab.eng.rdu2.redhat.com
723,nokiaran-14-idrac.mgmt.savanna.lab.eng.rdu2.redhat.com
724,master-0.cluster1.savanna.lab.eng.rdu2.redhat.com
725,master-1.cluster1.savanna.lab.eng.rdu2.redhat.com
726,master-2.cluster1.savanna.lab.eng.rdu2.redhat.com
727,worker-0.cluster1.savanna.lab.eng.rdu2.redhat.com
728,registry.ocp-edge3.lab.eng.tlv2.redhat.com
729,worker-2.cluster1.savanna.lab.eng.rdu2.redhat.com
730,ocp-qe-08.savanna.lab.eng.rdu2.redhat.com
731,ocp-qe-01.savanna.lab.eng.rdu2.redhat.com
732,ocp-edge34.lab.eng.tlv2.redhat.com
733,ocp-edge57.lab.eng.tlv2.redhat.com
734,ocp-edge59.lab.eng.tlv2.redhat.com
735,ocp-edge60.lab.eng.tlv2.redhat.com
736,ocp-edge61.lab.eng.tlv2.redhat.com
737,ocp-edge62.lab.eng.tlv2.redhat.com
738,ocp-edge63.lab.eng.tlv2.redhat.com
739,ocp-edge64.lab.eng.tlv2.redhat.com
740,ocp-edge65.lab.eng.tlv2.redhat.com
741,ocp-edge67.lab.eng.tlv2.redhat.com
742,ocp-edge68.lab.eng.tlv2.redhat.com
743,ocp-edge69.lab.eng.tlv2.redhat.com
744,ocp-edge70.lab.eng.tlv2.redhat.com
745,ocp-edge71.lab.eng.tlv2.redhat.com
746,ocp-edge72.lab.eng.tlv2.redhat.com
747,ocp-edge73.lab.eng.tlv2.redhat.com
748,ocp-edge74.lab.eng.tlv2.redhat.com
749,ocp-edge75.lab.eng.tlv2.redhat.com
750,ocp-edge76.lab.eng.tlv2.redhat.com
751,ocp-edge77.lab.eng.tlv2.redhat.com
752,ocp-edge78.lab.eng.tlv2.redhat.com
753,ocp-edge79.lab.eng.tlv2.redhat.com
754,ocp-edge80.lab.eng.tlv2.redhat.com
755,ocp-edge81.lab.eng.tlv2.redhat.com
756,ocp-edge82.lab.eng.tlv2.redhat.com
757,ocp-edge83.lab.eng.tlv2.redhat.com
758,ocp-edge84.lab.eng.tlv2.redhat.com
759,ocp-edge85.lab.eng.tlv2.redhat.com
760,ocp-edge86.lab.eng.tlv2.redhat.com
761,ocp-edge87.lab.eng.tlv2.redhat.com
762,ocp-edge88.lab.eng.tlv2.redhat.com
763,ocp-edge89.lab.eng.tlv2.redhat.com
764,ocp-edge90.lab.eng.tlv2.redhat.com
765,ocp-edge91.lab.eng.tlv2.redhat.com
766,ocp-edge92.lab.eng.tlv2.redhat.com
767,ocp-edge93.lab.eng.tlv2.redhat.com
767,ocp-edge93.lab.eng.tlv2.redhat.com
768,ocp-edge94.lab.eng.tlv2.redhat.com
769,ocp-edge95.lab.eng.tlv2.redhat.com
770,ocp-edge96.lab.eng.tlv2.redhat.com
771,ocp-edge97.lab.eng.tlv2.redhat.com
772,ocp-edge98.lab.eng.tlv2.redhat.com
773,ocp-edge99.lab.eng.tlv2.redhat.com
774,ocp-edge100.lab.eng.tlv2.redhat.com
775,ocp-edge101.lab.eng.tlv2.redhat.com
776,ocp-edge36.lab.eng.tlv2.redhat.com
777,titan59.lab.eng.tlv2.redhat.com
778,titan60.lab.eng.tlv2.redhat.com
779,titan90.lab.eng.tlv2.redhat.com
780,titan91.lab.eng.tlv2.redhat.com
781,helix04.lab.eng.tlv2.redhat.com
782,helix05.lab.eng.tlv2.redhat.com
783,helix06.lab.eng.tlv2.redhat.com
784,helix07.lab.eng.tlv2.redhat.com
785,helix08.lab.eng.tlv2.redhat.com
786,helix09.lab.eng.tlv2.redhat.com
787,helix10.lab.eng.tlv2.redhat.com
788,helix11.lab.eng.tlv2.redhat.com
789,helix12.lab.eng.tlv2.redhat.com
790,helix13.lab.eng.tlv2.redhat.com
791,helix14.lab.eng.tlv2.redhat.com
792,helix15.lab.eng.tlv2.redhat.com
793,helix16.lab.eng.tlv2.redhat.com
794,helix17.lab.eng.tlv2.redhat.com
795,helix18.lab.eng.tlv2.redhat.com
796,helix19.lab.eng.tlv2.redhat.com
797,helix20.lab.eng.tlv2.redhat.com
798,helix21.lab.eng.tlv2.redhat.com
799,helix22.lab.eng.tlv2.redhat.com
800,helix23.lab.eng.tlv2.redhat.com
801,helix24.lab.eng.tlv2.redhat.com
802,helix25.lab.eng.tlv2.redhat.com
803,api-int.helix26.lab.eng.tlv2.redhat.com
804,helix27.lab.eng.tlv2.redhat.com
805,helix28.lab.eng.tlv2.redhat.com
806,helix29.lab.eng.tlv2.redhat.com
807,helix30.lab.eng.tlv2.redhat.com
808,openshift-master-0.ocp-edge3.lab.eng.tlv2.redhat.com
809,openshift-master-1.ocp-edge3.lab.eng.tlv2.redhat.com
810,openshift-master-2.ocp-edge3.lab.eng.tlv2.redhat.com
811,openshift-worker-0.ocp-edge3.lab.eng.tlv2.redhat.com
812,openshift-worker-2.ocp-edge3.lab.eng.tlv2.redhat.com
813,ocp-edge53.lab.eng.tlv2.redhat.com
814,ocp-edge54.lab.eng.tlv2.redhat.com
815,registry.ocp-edge2.lab.eng.tlv2.redhat.com
816,openshift-master-0.ocp-edge2.lab.eng.tlv2.redhat.com
817,openshift-master-1.ocp-edge2.lab.eng.tlv2.redhat.com
817,openshift-master-1.ocp-edge2.lab.eng.tlv2.redhat.com
818,openshift-master-2.ocp-edge2.lab.eng.tlv2.redhat.com
819,openshift-worker-0.ocp-edge2.lab.eng.tlv2.redhat.com
820,openshift-worker-1.ocp-edge2.lab.eng.tlv2.redhat.com
821,openshift-worker-2.ocp-edge2.lab.eng.tlv2.redhat.com
822,openshift-worker-3.ocp-edge2.lab.eng.tlv2.redhat.com
823,ocp-edge102.lab.eng.tlv2.redhat.com
824,ocp-edge103.lab.eng.tlv2.redhat.com
825,ocp-edge104.lab.eng.tlv2.redhat.com
826,ocp-edge105.lab.eng.tlv2.redhat.com
827,ocp-edge106.lab.eng.tlv2.redhat.com
828,ocp-edge108.lab.eng.tlv2.redhat.com
829,ocp-edge109.lab.eng.tlv2.redhat.com
830,ocp-edge110.lab.eng.tlv2.redhat.com
831,ocp-edge115.lab.eng.tlv2.redhat.com
832,S17397606829497
833,sealusa1-bmc.mgmt.mobius.lab.eng.rdu2.redhat.com
834,S17397606829505
835,S17397606829496
836,S17397606829504
837,S17397606829492
838,S17397606829491
839,titan45.lab.eng.tlv2.redhat.com
840,titan46.lab.eng.tlv2.redhat.com
841,titan52.lab.eng.tlv2.redhat.com
842,titan54.lab.eng.tlv2.redhat.com
843,titan57.lab.eng.tlv2.redhat.com
844,titan58.lab.eng.tlv2.redhat.com
845,S17397606829494
846,Spirent_02
847,Spirent_04
848,Spirent_03
849,FHZZ5S3
850,1JZZ5S3
851,1RPY5S3
852,DFQZ5S3
853,JHZZ5S3
854,GHZZ5S3
855,4JZZ5S3
856,sealusa29.mobius.lab.eng.rdu2.redhat.com
857,sealusa30.mobius.lab.eng.rdu2.redhat.com
858,sealusa6.mobius.lab.eng.rdu2.redhat.com
859,sealusa35.mobius.lab.eng.rdu2.redhat.com
860,seal32.lab.eng.tlv2.redhat.com
861,helix01.lab.eng.tlv2.redhat.com
862,helix02.lab.eng.tlv2.redhat.com
863,ocp-edge30.lab.eng.tlv2.redhat.com
864,ocp-edge31.lab.eng.tlv2.redhat.com
865,ocp-edge32.lab.eng.tlv2.redhat.com
866,ocp-edge33.lab.eng.tlv2.redhat.com
867,ocp-edge35.lab.eng.tlv2.redhat.com
867,ocp-edge35.lab.eng.tlv2.redhat.com
868,ocp-edge37.lab.eng.tlv2.redhat.com
869,ocp-edge38.lab.eng.tlv2.redhat.com
870,ocp-edge39.lab.eng.tlv2.redhat.com
871,testing 07t
872,ocp-edge44.lab.eng.tlv2.redhat.com
873,ocp-edge45.lab.eng.tlv2.redhat.com
874,ocp-edge46.lab.eng.tlv2.redhat.com
875,ocp-edge47.lab.eng.tlv2.redhat.com
876,ocp-edge48.lab.eng.tlv2.redhat.com
877,ocp-edge49.lab.eng.tlv2.redhat.com
878,ocp-edge50.lab.eng.tlv2.redhat.com
879,ocp-edge51.lab.eng.tlv2.redhat.com
880,ocp-edge52.lab.eng.tlv2.redhat.com
881,ocp-edge107.lab.eng.tlv2.redhat.com
882,ocp-edge43.lab.eng.tlv2.redhat.com
883,sno.kni-qe-1.lab.eng.rdu2.redhat.com
884,sno.kni-qe-2.lab.eng.rdu2.redhat.com
885,sno.kni-qe-24.lab.eng.rdu2.redhat.com
886,sno.kni-qe-25.lab.eng.rdu2.redhat.com
887,sealusa34.mobius.lab.eng.rdu2.redhat.com
888,helix03.lab.eng.tlv2.redhat.com
889,ocp-edge119.lab.eng.tlv2.redhat.com
890,ocp-edge120.lab.eng.tlv2.redhat.com
891,ocp-edge121.lab.eng.tlv2.redhat.com
892,ocp-edge122.lab.eng.tlv2.redhat.com
893,ocp-edge123.lab.eng.tlv2.redhat.com
894,ocp-edge124.lab.eng.tlv2.redhat.com
895,ocp-edge125.lab.eng.tlv2.redhat.com
896,ocp-edge126.lab.eng.tlv2.redhat.com
897,ocp-edge127.lab.eng.tlv2.redhat.com
898,ocp-edge128.lab.eng.tlv2.redhat.com
899,ocp-edge42.lab.eng.tlv2.redhat.com
900,ocp-edge07.lab.eng.tlv2.redhat.com
901,ocp-edge08.lab.eng.tlv2.redhat.com
902,ocp-edge09.lab.eng.tlv2.redhat.com
903,ocp-edge111.lab.eng.tlv2.redhat.com
904,ocp-edge112.lab.eng.tlv2.redhat.com
905,ocp-edge113.lab.eng.tlv2.redhat.com
906,ocp-edge114.lab.eng.tlv2.redhat.com
907,sealusa7.mobius.lab.eng.rdu2.redhat.com
908,sealusa8.mobius.lab.eng.rdu2.redhat.com
909,Seal55.lab.eng.tlv2.redhat.com
910,Seal35.lab.eng.tlv2.redhat.com
911,Seal36.lab.eng.tlv2.redhat.com
912,cnfde24.ptp.lab.eng.bos.redhat.com
913,cnfde25.ptp.lab.eng.bos.redhat.com
914,cnfde30.ptp.lab.eng.bos.redhat.com
915,cnfde31.ptp.lab.eng.bos.redhat.com
916,cnfde32.ptp.lab.eng.bos.redhat.com
